Latitude,Longitude,UTC,Parameter,Unit,Value,RawConcentration,AQI,Category,SiteName,AgencyName,FullAQSCode,IntlAQSCode
40.366452,-80.615691,2026-01-30T14:00,PM2.5,UG/M3,16.6,19.2,65,2,Steubenville,Ohio EPA-DAPC,390810017,840390810017
40.39458,-80.61202,2026-01-30T14:00,PM2.5,UG/M3,10.6,9.4,54,2,"MARLAND HTS, WEIRTON",West Virginia Division of Air Quality,840540090011,840540090011
40.42735,-80.59253,2026-01-30T14:00,PM2.5,UG/M3,10.5,11.5,54,2,WEIRTON,West Virginia Division of Air Quality,540290009,840540290009
40.4447,-80.42,2026-01-30T14:00,PM2.5,UG/M3,7.3,7.0,41,1,Florence,Pennsylvania Dept. of Environmental Protection,421255001,840421255001
40.4447,-80.42,2026-01-30T14:00,OZONE,PPB,28.0,29.0,26,1,Florence,Pennsylvania Dept. of Environmental Protection,421255001,840421255001
40.269,-80.244,2026-01-30T14:00,PM2.5,UG/M3,7.6,9.1,42,1,Houston,Pennsylvania Dept. of Environmental Protection,421255200,840421255200
40.269,-80.244,2026-01-30T14:00,OZONE,PPB,28.0,-999.0,26,1,Houston,Pennsylvania Dept. of Environmental Protection,421255200,840421255200
40.381901,-80.1856,2026-01-30T14:00,OZONE,PPB,37.0,38.0,34,1,South Fayette,Allegheny County,420030067,840420030067
40.381901,-80.1856,2026-01-30T14:00,PM2.5,UG/M3,4.5,4.2,25,1,South Fayette,Allegheny County,420030067,840420030067
40.499789,-80.071347,2026-01-30T14:00,PM2.5,UG/M3,10.7,11.4,54,2,Avalon,Allegheny County,840420030002,840420030002
40.4656,-79.9611,2026-01-30T14:00,PM2.5,UG/M3,8.2,9.8,46,1,Lawrenceville,Allegheny County,420030008,840420030008
40.4656,-79.9611,2026-01-30T14:00,OZONE,PPB,6.0,9.0,6,1,Lawrenceville,Allegheny County,420030008,840420030008
40.294381,-79.885303,2026-01-30T14:00,PM2.5,UG/M3,14.2,20.0,61,2,Clairton,Allegheny County,840420033007,840420033007
40.323898,-79.868301,2026-01-30T14:00,PM2.5,UG/M3,8.5,7.8,47,1,Liberty (SAHS),Allegheny County,420030064,840420030064
40.437431,-79.863572,2026-01-30T14:00,PM2.5,UG/M3,5.6,5.6,31,1,Parkway East (Near Road),Allegheny County,420031376,840420031376
40.402267,-79.860942,2026-01-30T14:00,PM2.5,UG/M3,6.1,7.3,34,1,North Braddock,Allegheny County,840420031301,840420031301
40.613864,-79.729569,2026-01-30T14:00,PM2.5,UG/M3,12.6,15.4,58,2,Harrison Township,Allegheny County,420031008,840420031008
40.613864,-79.729569,2026-01-30T14:00,OZONE,PPB,21.0,17.0,19,1,Harrison Township,Allegheny County,420031008,840420031008
40.366452,-80.615691,2026-01-30T15:00,PM2.5,UG/M3,18.5,20.4,69,2,Steubenville,Ohio EPA-DAPC,390810017,840390810017
40.39458,-80.61202,2026-01-30T15:00,PM2.5,UG/M3,8.6,6.6,48,1,"MARLAND HTS, WEIRTON",West Virginia Division of Air Quality,840540090011,840540090011
40.42735,-80.59253,2026-01-30T15:00,PM2.5,UG/M3,8.2,6.0,46,1,WEIRTON,West Virginia Division of Air Quality,540290009,840540290009
40.4447,-80.42,2026-01-30T15:00,OZONE,PPB,33.0,37.0,31,1,Florence,Pennsylvania Dept. of Environmental Protection,421255001,840421255001
40.4447,-80.42,2026-01-30T15:00,PM2.5,UG/M3,5.2,3.1,29,1,Florence,Pennsylvania Dept. of Environmental Protection,421255001,840421255001
40.269,-80.244,2026-01-30T15:00,OZONE,PPB,33.0,38.0,31,1,Houston,Pennsylvania Dept. of Environmental Protection,421255200,840421255200
40.269,-80.244,2026-01-30T15:00,PM2.5,UG/M3,5.5,3.3,31,1,Houston,Pennsylvania Dept. of Environmental Protection,421255200,840421255200
40.381901,-80.1856,2026-01-30T15:00,OZONE,PPB,38.0,40.0,35,1,South Fayette,Allegheny County,420030067,840420030067
40.381901,-80.1856,2026-01-30T15:00,PM2.5,UG/M3,4.2,4.0,23,1,South Fayette,Allegheny County,420030067,840420030067
40.499789,-80.071347,2026-01-30T15:00,PM2.5,UG/M3,10.8,11.0,54,2,Avalon,Allegheny County,840420030002,840420030002
40.4656,-79.9611,2026-01-30T15:00,PM2.5,UG/M3,8.1,8.0,45,1,Lawrenceville,Allegheny County,420030008,840420030008
40.4656,-79.9611,2026-01-30T15:00,OZONE,PPB,14.0,21.0,13,1,Lawrenceville,Allegheny County,420030008,840420030008
40.294381,-79.885303,2026-01-30T15:00,PM2.5,UG/M3,10.4,6.7,53,2,Clairton,Allegheny County,840420033007,840420033007
40.323898,-79.868301,2026-01-30T15:00,PM2.5,UG/M3,6.6,4.7,37,1,Liberty (SAHS),Allegheny County,420030064,840420030064
40.437431,-79.863572,2026-01-30T15:00,PM2.5,UG/M3,6.4,7.2,36,1,Parkway East (Near Road),Allegheny County,420031376,840420031376
40.402267,-79.860942,2026-01-30T15:00,PM2.5,UG/M3,5.4,4.8,30,1,North Braddock,Allegheny County,840420031301,840420031301
40.613864,-79.729569,2026-01-30T15:00,PM2.5,UG/M3,12.8,13.1,58,2,Harrison Township,Allegheny County,420031008,840420031008
40.613864,-79.729569,2026-01-30T15:00,OZONE,PPB,23.0,23.0,21,1,Harrison Township,Allegheny County,420031008,840420031008
40.366452,-80.615691,2026-01-30T16:00,PM2.5,UG/M3,14.8,11.2,62,2,Steubenville,Ohio EPA-DAPC,390810017,840390810017
40.39458,-80.61202,2026-01-30T16:00,PM2.5,UG/M3,7.0,5.4,39,1,"MARLAND HTS, WEIRTON",West Virginia Division of Air Quality,840540090011,840540090011
40.42735,-80.59253,2026-01-30T16:00,PM2.5,UG/M3,5.8,3.5,32,1,WEIRTON,West Virginia Division of Air Quality,540290009,840540290009
40.4447,-80.42,2026-01-30T16:00,OZONE,PPB,34.0,38.0,31,1,Florence,Pennsylvania Dept. of Environmental Protection,421255001,840421255001
40.4447,-80.42,2026-01-30T16:00,PM2.5,UG/M3,3.2,1.2,18,1,Florence,Pennsylvania Dept. of Environmental Protection,421255001,840421255001
40.269,-80.244,2026-01-30T16:00,OZONE,PPB,33.0,-999.0,31,1,Houston,Pennsylvania Dept. of Environmental Protection,421255200,840421255200
40.269,-80.244,2026-01-30T16:00,PM2.5,UG/M3,4.0,2.6,22,1,Houston,Pennsylvania Dept. of Environmental Protection,421255200,840421255200
40.381901,-80.1856,2026-01-30T16:00,OZONE,PPB,39.0,42.0,36,1,South Fayette,Allegheny County,420030067,840420030067
40.381901,-80.1856,2026-01-30T16:00,PM2.5,UG/M3,3.8,3.1,21,1,South Fayette,Allegheny County,420030067,840420030067
40.499789,-80.071347,2026-01-30T16:00,PM2.5,UG/M3,7.7,4.7,43,1,Avalon,Allegheny County,840420030002,840420030002
40.4656,-79.9611,2026-01-30T16:00,PM2.5,UG/M3,5.4,2.8,30,1,Lawrenceville,Allegheny County,420030008,840420030008
40.4656,-79.9611,2026-01-30T16:00,OZONE,PPB,22.0,34.0,20,1,Lawrenceville,Allegheny County,420030008,840420030008
40.294381,-79.885303,2026-01-30T16:00,PM2.5,UG/M3,6.4,2.4,36,1,Clairton,Allegheny County,840420033007,840420033007
40.323898,-79.868301,2026-01-30T16:00,PM2.5,UG/M3,4.6,2.7,26,1,Liberty (SAHS),Allegheny County,420030064,840420030064
40.437431,-79.863572,2026-01-30T16:00,PM2.5,UG/M3,10.3,14.2,53,2,Parkway East (Near Road),Allegheny County,420031376,840420031376
40.402267,-79.860942,2026-01-30T16:00,PM2.5,UG/M3,4.2,3.0,23,1,North Braddock,Allegheny County,840420031301,840420031301
40.613864,-79.729569,2026-01-30T16:00,PM2.5,UG/M3,7.8,2.9,43,1,Harrison Township,Allegheny County,420031008,840420031008
40.613864,-79.729569,2026-01-30T16:00,OZONE,PPB,28.0,39.0,26,1,Harrison Township,Allegheny County,420031008,840420031008
40.366452,-80.615691,2026-01-30T17:00,PM2.5,UG/M3,10.4,6.0,53,2,Steubenville,Ohio EPA-DAPC,390810017,840390810017
40.39458,-80.61202,2026-01-30T17:00,PM2.5,UG/M3,5.3,3.6,29,1,"MARLAND HTS, WEIRTON",West Virginia Division of Air Quality,840540090011,840540090011
40.42735,-80.59253,2026-01-30T17:00,PM2.5,UG/M3,4.4,3.0,24,1,WEIRTON,West Virginia Division of Air Quality,540290009,840540290009
40.4447,-80.42,2026-01-30T17:00,OZONE,PPB,34.0,37.0,31,1,Florence,Pennsylvania Dept. of Environmental Protection,421255001,840421255001
40.4447,-80.42,2026-01-30T17:00,PM2.5,UG/M3,2.4,1.7,13,1,Florence,Pennsylvania Dept. of Environmental Protection,421255001,840421255001
40.269,-80.244,2026-01-30T17:00,OZONE,PPB,33.0,-999.0,31,1,Houston,Pennsylvania Dept. of Environmental Protection,421255200,840421255200
40.269,-80.244,2026-01-30T17:00,PM2.5,UG/M3,3.3,2.6,18,1,Houston,Pennsylvania Dept. of Environmental Protection,421255200,840421255200
40.381901,-80.1856,2026-01-30T17:00,OZONE,PPB,40.0,42.0,37,1,South Fayette,Allegheny County,420030067,840420030067
40.381901,-80.1856,2026-01-30T17:00,PM2.5,UG/M3,3.6,3.3,20,1,South Fayette,Allegheny County,420030067,840420030067
40.499789,-80.071347,2026-01-30T17:00,PM2.5,UG/M3,5.2,2.8,29,1,Avalon,Allegheny County,840420030002,840420030002
40.4656,-79.9611,2026-01-30T17:00,PM2.5,UG/M3,3.9,2.5,22,1,Lawrenceville,Allegheny County,420030008,840420030008
40.4656,-79.9611,2026-01-30T17:00,OZONE,PPB,23.0,35.0,21,1,Lawrenceville,Allegheny County,420030008,840420030008
40.294381,-79.885303,2026-01-30T17:00,PM2.5,UG/M3,4.6,2.8,26,1,Clairton,Allegheny County,840420033007,840420033007
40.323898,-79.868301,2026-01-30T17:00,PM2.5,UG/M3,4.0,3.5,22,1,Liberty (SAHS),Allegheny County,420030064,840420030064
40.437431,-79.863572,2026-01-30T17:00,PM2.5,UG/M3,10.4,10.6,53,2,Parkway East (Near Road),Allegheny County,420031376,840420031376
40.402267,-79.860942,2026-01-30T17:00,PM2.5,UG/M3,3.2,2.2,18,1,North Braddock,Allegheny County,840420031301,840420031301
40.613864,-79.729569,2026-01-30T17:00,PM2.5,UG/M3,5.3,2.8,29,1,Harrison Township,Allegheny County,420031008,840420031008
40.613864,-79.729569,2026-01-30T17:00,OZONE,PPB,29.0,39.0,27,1,Harrison Township,Allegheny County,420031008,840420031008
40.366452,-80.615691,2026-01-30T18:00,PM2.5,UG/M3,7.5,4.7,42,1,Steubenville,Ohio EPA-DAPC,390810017,840390810017
40.39458,-80.61202,2026-01-30T18:00,PM2.5,UG/M3,4.4,3.6,24,1,"MARLAND HTS, WEIRTON",West Virginia Division of Air Quality,840540090011,840540090011
40.42735,-80.59253,2026-01-30T18:00,PM2.5,UG/M3,3.7,3.1,21,1,WEIRTON,West Virginia Division of Air Quality,540290009,840540290009
40.4447,-80.42,2026-01-30T18:00,OZONE,PPB,36.0,38.0,33,1,Florence,Pennsylvania Dept. of Environmental Protection,421255001,840421255001
40.4447,-80.42,2026-01-30T18:00,PM2.5,UG/M3,2.3,2.3,13,1,Florence,Pennsylvania Dept. of Environmental Protection,421255001,840421255001
40.269,-80.244,2026-01-30T18:00,PM2.5,UG/M3,3.0,2.8,17,1,Houston,Pennsylvania Dept. of Environmental Protection,421255200,840421255200
40.381901,-80.1856,2026-01-30T18:00,OZONE,PPB,40.0,41.0,37,1,South Fayette,Allegheny County,420030067,840420030067
40.381901,-80.1856,2026-01-30T18:00,PM2.5,UG/M3,3.6,3.6,20,1,South Fayette,Allegheny County,420030067,840420030067
40.499789,-80.071347,2026-01-30T18:00,PM2.5,UG/M3,3.7,2.3,21,1,Avalon,Allegheny County,840420030002,840420030002
40.4656,-79.9611,2026-01-30T18:00,OZONE,PPB,26.0,35.0,24,1,Lawrenceville,Allegheny County,420030008,840420030008
40.4656,-79.9611,2026-01-30T18:00,PM2.5,UG/M3,3.1,2.3,17,1,Lawrenceville,Allegheny County,420030008,840420030008
40.294381,-79.885303,2026-01-30T18:00,PM2.5,UG/M3,4.0,3.4,22,1,Clairton,Allegheny County,840420033007,840420033007
40.323898,-79.868301,2026-01-30T18:00,PM2.5,UG/M3,3.3,2.6,18,1,Liberty (SAHS),Allegheny County,420030064,840420030064
40.437431,-79.863572,2026-01-30T18:00,PM2.5,UG/M3,9.4,8.4,52,2,Parkway East (Near Road),Allegheny County,420031376,840420031376
40.402267,-79.860942,2026-01-30T18:00,PM2.5,UG/M3,2.7,2.3,15,1,North Braddock,Allegheny County,840420031301,840420031301
40.613864,-79.729569,2026-01-30T18:00,OZONE,PPB,31.0,39.0,29,1,Harrison Township,Allegheny County,420031008,840420031008
40.613864,-79.729569,2026-01-30T18:00,PM2.5,UG/M3,3.9,2.6,22,1,Harrison Township,Allegheny County,420031008,840420031008
40.366452,-80.615691,2026-01-30T19:00,PM2.5,UG/M3,5.6,3.8,31,1,Steubenville,Ohio EPA-DAPC,390810017,840390810017
40.39458,-80.61202,2026-01-30T19:00,PM2.5,UG/M3,3.6,2.8,20,1,"MARLAND HTS, WEIRTON",West Virginia Division of Air Quality,840540090011,840540090011
40.42735,-80.59253,2026-01-30T19:00,PM2.5,UG/M3,3.1,2.6,17,1,WEIRTON,West Virginia Division of Air Quality,540290009,840540290009
40.4447,-80.42,2026-01-30T19:00,OZONE,PPB,37.0,39.0,34,1,Florence,Pennsylvania Dept. of Environmental Protection,421255001,840421255001
40.4447,-80.42,2026-01-30T19:00,PM2.5,UG/M3,2.2,2.1,12,1,Florence,Pennsylvania Dept. of Environmental Protection,421255001,840421255001
40.269,-80.244,2026-01-30T19:00,PM2.5,UG/M3,2.9,2.8,16,1,Houston,Pennsylvania Dept. of Environmental Protection,421255200,840421255200
40.381901,-80.1856,2026-01-30T19:00,OZONE,PPB,40.0,42.0,37,1,South Fayette,Allegheny County,420030067,840420030067
40.381901,-80.1856,2026-01-30T19:00,PM2.5,UG/M3,3.1,2.7,17,1,South Fayette,Allegheny County,420030067,840420030067
40.499789,-80.071347,2026-01-30T19:00,PM2.5,UG/M3,3.2,2.7,18,1,Avalon,Allegheny County,840420030002,840420030002
40.4656,-79.9611,2026-01-30T19:00,OZONE,PPB,30.0,35.0,28,1,Lawrenceville,Allegheny County,420030008,840420030008
40.4656,-79.9611,2026-01-30T19:00,PM2.5,UG/M3,2.9,2.7,16,1,Lawrenceville,Allegheny County,420030008,840420030008
40.294381,-79.885303,2026-01-30T19:00,PM2.5,UG/M3,3.3,2.6,18,1,Clairton,Allegheny County,840420033007,840420033007
40.323898,-79.868301,2026-01-30T19:00,PM2.5,UG/M3,2.8,2.4,16,1,Liberty (SAHS),Allegheny County,420030064,840420030064
40.437431,-79.863572,2026-01-30T19:00,PM2.5,UG/M3,8.8,8.2,49,1,Parkway East (Near Road),Allegheny County,420031376,840420031376
40.402267,-79.860942,2026-01-30T19:00,PM2.5,UG/M3,2.5,2.4,14,1,North Braddock,Allegheny County,840420031301,840420031301
40.613864,-79.729569,2026-01-30T19:00,OZONE,PPB,33.0,39.0,31,1,Harrison Township,Allegheny County,420031008,840420031008
40.613864,-79.729569,2026-01-30T19:00,PM2.5,UG/M3,3.2,2.6,18,1,Harrison Township,Allegheny County,420031008,840420031008
40.366452,-80.615691,2026-01-30T20:00,PM2.5,UG/M3,4.3,3.1,24,1,Steubenville,Ohio EPA-DAPC,390810017,840390810017
40.39458,-80.61202,2026-01-30T20:00,PM2.5,UG/M3,3.0,2.4,17,1,"MARLAND HTS, WEIRTON",West Virginia Division of Air Quality,840540090011,840540090011
40.42735,-80.59253,2026-01-30T20:00,PM2.5,UG/M3,2.7,2.4,15,1,WEIRTON,West Virginia Division of Air Quality,540290009,840540290009
40.4447,-80.42,2026-01-30T20:00,OZONE,PPB,36.0,39.0,33,1,Florence,Pennsylvania Dept. of Environmental Protection,421255001,840421255001
40.4447,-80.42,2026-01-30T20:00,PM2.5,UG/M3,2.1,2.1,12,1,Florence,Pennsylvania Dept. of Environmental Protection,421255001,840421255001
40.269,-80.244,2026-01-30T20:00,PM2.5,UG/M3,2.8,2.7,16,1,Houston,Pennsylvania Dept. of Environmental Protection,421255200,840421255200
40.381901,-80.1856,2026-01-30T20:00,OZONE,PPB,40.0,40.0,37,1,South Fayette,Allegheny County,420030067,840420030067
40.381901,-80.1856,2026-01-30T20:00,PM2.5,UG/M3,3.0,3.0,17,1,South Fayette,Allegheny County,420030067,840420030067
40.499789,-80.071347,2026-01-30T20:00,PM2.5,UG/M3,3.0,2.8,17,1,Avalon,Allegheny County,840420030002,840420030002
40.4656,-79.9611,2026-01-30T20:00,OZONE,PPB,33.0,34.0,31,1,Lawrenceville,Allegheny County,420030008,840420030008
40.4656,-79.9611,2026-01-30T20:00,PM2.5,UG/M3,2.9,2.9,16,1,Lawrenceville,Allegheny County,420030008,840420030008
40.294381,-79.885303,2026-01-30T20:00,PM2.5,UG/M3,3.0,2.7,17,1,Clairton,Allegheny County,840420033007,840420033007
40.323898,-79.868301,2026-01-30T20:00,PM2.5,UG/M3,2.7,2.7,15,1,Liberty (SAHS),Allegheny County,420030064,840420030064
40.437431,-79.863572,2026-01-30T20:00,PM2.5,UG/M3,8.5,8.2,47,1,Parkway East (Near Road),Allegheny County,420031376,840420031376
40.402267,-79.860942,2026-01-30T20:00,PM2.5,UG/M3,2.6,2.8,14,1,North Braddock,Allegheny County,840420031301,840420031301
40.613864,-79.729569,2026-01-30T20:00,OZONE,PPB,39.0,39.0,36,1,Harrison Township,Allegheny County,420031008,840420031008
40.613864,-79.729569,2026-01-30T20:00,PM2.5,UG/M3,2.9,2.6,16,1,Harrison Township,Allegheny County,420031008,840420031008
40.366452,-80.615691,2026-01-30T21:00,PM2.5,UG/M3,3.9,3.6,22,1,Steubenville,Ohio EPA-DAPC,390810017,840390810017
40.39458,-80.61202,2026-01-30T21:00,PM2.5,UG/M3,2.8,2.7,16,1,"MARLAND HTS, WEIRTON",West Virginia Division of Air Quality,840540090011,840540090011
40.42735,-80.59253,2026-01-30T21:00,PM2.5,UG/M3,2.8,3.0,16,1,WEIRTON,West Virginia Division of Air Quality,540290009,840540290009
40.4447,-80.42,2026-01-30T21:00,OZONE,PPB,37.0,38.0,34,1,Florence,Pennsylvania Dept. of Environmental Protection,421255001,840421255001
40.4447,-80.42,2026-01-30T21:00,PM2.5,UG/M3,2.4,2.7,13,1,Florence,Pennsylvania Dept. of Environmental Protection,421255001,840421255001
40.269,-80.244,2026-01-30T21:00,PM2.5,UG/M3,2.8,2.8,16,1,Houston,Pennsylvania Dept. of Environmental Protection,421255200,840421255200
40.381901,-80.1856,2026-01-30T21:00,OZONE,PPB,40.0,40.0,37,1,South Fayette,Allegheny County,420030067,840420030067
40.381901,-80.1856,2026-01-30T21:00,PM2.5,UG/M3,3.3,3.6,18,1,South Fayette,Allegheny County,420030067,840420030067
40.499789,-80.071347,2026-01-30T21:00,PM2.5,UG/M3,3.1,3.2,17,1,Avalon,Allegheny County,840420030002,840420030002
40.4656,-79.9611,2026-01-30T21:00,OZONE,PPB,31.0,32.0,29,1,Lawrenceville,Allegheny County,420030008,840420030008
40.4656,-79.9611,2026-01-30T21:00,PM2.5,UG/M3,3.0,3.1,17,1,Lawrenceville,Allegheny County,420030008,840420030008
40.294381,-79.885303,2026-01-30T21:00,PM2.5,UG/M3,3.0,3.0,17,1,Clairton,Allegheny County,840420033007,840420033007
40.323898,-79.868301,2026-01-30T21:00,PM2.5,UG/M3,2.8,2.9,16,1,Liberty (SAHS),Allegheny County,420030064,840420030064
40.437431,-79.863572,2026-01-30T21:00,PM2.5,UG/M3,8.1,7.8,45,1,Parkway East (Near Road),Allegheny County,420031376,840420031376
40.402267,-79.860942,2026-01-30T21:00,PM2.5,UG/M3,2.7,2.9,15,1,North Braddock,Allegheny County,840420031301,840420031301
40.613864,-79.729569,2026-01-30T21:00,OZONE,PPB,38.0,38.0,35,1,Harrison Township,Allegheny County,420031008,840420031008
40.613864,-79.729569,2026-01-30T21:00,PM2.5,UG/M3,3.0,3.2,17,1,Harrison Township,Allegheny County,420031008,840420031008
40.366452,-80.615691,2026-01-30T22:00,PM2.5,UG/M3,4.0,4.1,22,1,Steubenville,Ohio EPA-DAPC,390810017,840390810017
40.39458,-80.61202,2026-01-30T22:00,PM2.5,UG/M3,2.9,3.1,16,1,"MARLAND HTS, WEIRTON",West Virginia Division of Air Quality,840540090011,840540090011
40.42735,-80.59253,2026-01-30T22:00,PM2.5,UG/M3,3.1,3.4,17,1,WEIRTON,West Virginia Division of Air Quality,540290009,840540290009
40.4447,-80.42,2026-01-30T22:00,OZONE,PPB,36.0,36.0,33,1,Florence,Pennsylvania Dept. of Environmental Protection,421255001,840421255001
40.4447,-80.42,2026-01-30T22:00,PM2.5,UG/M3,2.7,3.0,15,1,Florence,Pennsylvania Dept. of Environmental Protection,421255001,840421255001
40.269,-80.244,2026-01-30T22:00,OZONE,PPB,37.0,38.0,34,1,Houston,Pennsylvania Dept. of Environmental Protection,421255200,840421255200
40.269,-80.244,2026-01-30T22:00,PM2.5,UG/M3,2.7,2.7,15,1,Houston,Pennsylvania Dept. of Environmental Protection,421255200,840421255200
40.381901,-80.1856,2026-01-30T22:00,OZONE,PPB,39.0,39.0,36,1,South Fayette,Allegheny County,420030067,840420030067
40.381901,-80.1856,2026-01-30T22:00,PM2.5,UG/M3,4.0,4.9,22,1,South Fayette,Allegheny County,420030067,840420030067
40.499789,-80.071347,2026-01-30T22:00,PM2.5,UG/M3,3.6,4.1,20,1,Avalon,Allegheny County,840420030002,840420030002
40.4656,-79.9611,2026-01-30T22:00,OZONE,PPB,29.0,30.0,27,1,Lawrenceville,Allegheny County,420030008,840420030008
40.4656,-79.9611,2026-01-30T22:00,PM2.5,UG/M3,3.4,3.8,19,1,Lawrenceville,Allegheny County,420030008,840420030008
40.294381,-79.885303,2026-01-30T22:00,PM2.5,UG/M3,3.0,3.0,17,1,Clairton,Allegheny County,840420033007,840420033007
40.323898,-79.868301,2026-01-30T22:00,PM2.5,UG/M3,3.0,3.2,17,1,Liberty (SAHS),Allegheny County,420030064,840420030064
40.437431,-79.863572,2026-01-30T22:00,PM2.5,UG/M3,10.5,12.9,54,2,Parkway East (Near Road),Allegheny County,420031376,840420031376
40.402267,-79.860942,2026-01-30T22:00,PM2.5,UG/M3,2.9,3.2,16,1,North Braddock,Allegheny County,840420031301,840420031301
40.613864,-79.729569,2026-01-30T22:00,OZONE,PPB,38.0,38.0,35,1,Harrison Township,Allegheny County,420031008,840420031008
40.613864,-79.729569,2026-01-30T22:00,PM2.5,UG/M3,3.3,3.7,18,1,Harrison Township,Allegheny County,420031008,840420031008
40.366452,-80.615691,2026-01-30T23:00,PM2.5,UG/M3,4.4,4.9,24,1,Steubenville,Ohio EPA-DAPC,390810017,840390810017
40.39458,-80.61202,2026-01-30T23:00,PM2.5,UG/M3,3.4,3.9,19,1,"MARLAND HTS, WEIRTON",West Virginia Division of Air Quality,840540090011,840540090011
40.42735,-80.59253,2026-01-30T23:00,PM2.5,UG/M3,3.9,4.8,22,1,WEIRTON,West Virginia Division of Air Quality,540290009,840540290009
40.4447,-80.42,2026-01-30T23:00,OZONE,PPB,35.0,35.0,32,1,Florence,Pennsylvania Dept. of Environmental Protection,421255001,840421255001
40.4447,-80.42,2026-01-30T23:00,PM2.5,UG/M3,3.0,3.3,17,1,Florence,Pennsylvania Dept. of Environmental Protection,421255001,840421255001
40.269,-80.244,2026-01-30T23:00,OZONE,PPB,34.0,35.0,31,1,Houston,Pennsylvania Dept. of Environmental Protection,421255200,840421255200
40.269,-80.244,2026-01-30T23:00,PM2.5,UG/M3,3.0,3.4,17,1,Houston,Pennsylvania Dept. of Environmental Protection,421255200,840421255200
40.381901,-80.1856,2026-01-30T23:00,OZONE,PPB,38.0,36.0,35,1,South Fayette,Allegheny County,420030067,840420030067
40.381901,-80.1856,2026-01-30T23:00,PM2.5,UG/M3,4.6,5.2,26,1,South Fayette,Allegheny County,420030067,840420030067
40.499789,-80.071347,2026-01-30T23:00,PM2.5,UG/M3,4.3,5.0,24,1,Avalon,Allegheny County,840420030002,840420030002
40.4656,-79.9611,2026-01-30T23:00,OZONE,PPB,28.0,28.0,26,1,Lawrenceville,Allegheny County,420030008,840420030008
40.4656,-79.9611,2026-01-30T23:00,PM2.5,UG/M3,3.9,4.4,22,1,Lawrenceville,Allegheny County,420030008,840420030008
40.294381,-79.885303,2026-01-30T23:00,PM2.5,UG/M3,3.5,4.0,19,1,Clairton,Allegheny County,840420033007,840420033007
40.323898,-79.868301,2026-01-30T23:00,PM2.5,UG/M3,3.4,3.9,19,1,Liberty (SAHS),Allegheny County,420030064,840420030064
40.437431,-79.863572,2026-01-30T23:00,PM2.5,UG/M3,12.2,14.0,57,2,Parkway East (Near Road),Allegheny County,420031376,840420031376
40.402267,-79.860942,2026-01-30T23:00,PM2.5,UG/M3,3.4,4.0,19,1,North Braddock,Allegheny County,840420031301,840420031301
40.613864,-79.729569,2026-01-30T23:00,OZONE,PPB,36.0,35.0,33,1,Harrison Township,Allegheny County,420031008,840420031008
40.613864,-79.729569,2026-01-30T23:00,PM2.5,UG/M3,3.8,4.3,21,1,Harrison Township,Allegheny County,420031008,840420031008
40.366452,-80.615691,2026-01-31T00:00,PM2.5,UG/M3,5.1,5.8,28,1,Steubenville,Ohio EPA-DAPC,390810017,840390810017
40.39458,-80.61202,2026-01-31T00:00,PM2.5,UG/M3,3.6,3.9,20,1,"MARLAND HTS, WEIRTON",West Virginia Division of Air Quality,840540090011,840540090011
40.42735,-80.59253,2026-01-31T00:00,PM2.5,UG/M3,4.3,4.8,24,1,WEIRTON,West Virginia Division of Air Quality,540290009,840540290009
40.4447,-80.42,2026-01-31T00:00,OZONE,PPB,34.0,34.0,31,1,Florence,Pennsylvania Dept. of Environmental Protection,421255001,840421255001
40.4447,-80.42,2026-01-31T00:00,PM2.5,UG/M3,3.4,3.8,19,1,Florence,Pennsylvania Dept. of Environmental Protection,421255001,840421255001
40.269,-80.244,2026-01-31T00:00,OZONE,PPB,32.0,32.0,30,1,Houston,Pennsylvania Dept. of Environmental Protection,421255200,840421255200
40.269,-80.244,2026-01-31T00:00,PM2.5,UG/M3,3.5,4.0,19,1,Houston,Pennsylvania Dept. of Environmental Protection,421255200,840421255200
40.381901,-80.1856,2026-01-31T00:00,OZONE,PPB,37.0,35.0,34,1,South Fayette,Allegheny County,420030067,840420030067
40.381901,-80.1856,2026-01-31T00:00,PM2.5,UG/M3,5.3,6.1,29,1,South Fayette,Allegheny County,420030067,840420030067
40.499789,-80.071347,2026-01-31T00:00,PM2.5,UG/M3,5.3,6.4,29,1,Avalon,Allegheny County,840420030002,840420030002
40.4656,-79.9611,2026-01-31T00:00,PM2.5,UG/M3,5.1,6.4,28,1,Lawrenceville,Allegheny County,420030008,840420030008
40.4656,-79.9611,2026-01-31T00:00,OZONE,PPB,20.0,14.0,19,1,Lawrenceville,Allegheny County,420030008,840420030008
40.294381,-79.885303,2026-01-31T00:00,PM2.5,UG/M3,4.0,4.7,22,1,Clairton,Allegheny County,840420033007,840420033007
40.323898,-79.868301,2026-01-31T00:00,PM2.5,UG/M3,4.0,4.7,22,1,Liberty (SAHS),Allegheny County,420030064,840420030064
40.437431,-79.863572,2026-01-31T00:00,PM2.5,UG/M3,11.0,9.8,55,2,Parkway East (Near Road),Allegheny County,420031376,840420031376
40.402267,-79.860942,2026-01-31T00:00,PM2.5,UG/M3,4.0,4.6,22,1,North Braddock,Allegheny County,840420031301,840420031301
40.613864,-79.729569,2026-01-31T00:00,OZONE,PPB,34.0,31.0,31,1,Harrison Township,Allegheny County,420031008,840420031008
40.613864,-79.729569,2026-01-31T00:00,PM2.5,UG/M3,4.6,5.5,26,1,Harrison Township,Allegheny County,420031008,840420031008
40.366452,-80.615691,2026-01-31T01:00,PM2.5,UG/M3,6.9,8.8,38,1,Steubenville,Ohio EPA-DAPC,390810017,840390810017
40.39458,-80.61202,2026-01-31T01:00,PM2.5,UG/M3,4.6,5.6,26,1,"MARLAND HTS, WEIRTON",West Virginia Division of Air Quality,840540090011,840540090011
40.42735,-80.59253,2026-01-31T01:00,PM2.5,UG/M3,5.0,5.8,28,1,WEIRTON,West Virginia Division of Air Quality,540290009,840540290009
40.4447,-80.42,2026-01-31T01:00,OZONE,PPB,33.0,32.0,31,1,Florence,Pennsylvania Dept. of Environmental Protection,421255001,840421255001
40.4447,-80.42,2026-01-31T01:00,PM2.5,UG/M3,4.1,4.9,23,1,Florence,Pennsylvania Dept. of Environmental Protection,421255001,840421255001
40.269,-80.244,2026-01-31T01:00,OZONE,PPB,32.0,31.0,30,1,Houston,Pennsylvania Dept. of Environmental Protection,421255200,840421255200
40.269,-80.244,2026-01-31T01:00,PM2.5,UG/M3,3.9,4.4,22,1,Houston,Pennsylvania Dept. of Environmental Protection,421255200,840421255200
40.381901,-80.1856,2026-01-31T01:00,OZONE,PPB,36.0,34.0,33,1,South Fayette,Allegheny County,420030067,840420030067
40.381901,-80.1856,2026-01-31T01:00,PM2.5,UG/M3,6.0,6.8,33,1,South Fayette,Allegheny County,420030067,840420030067
40.499789,-80.071347,2026-01-31T01:00,PM2.5,UG/M3,7.3,9.3,41,1,Avalon,Allegheny County,840420030002,840420030002
40.4656,-79.9611,2026-01-31T01:00,PM2.5,UG/M3,7.4,9.8,41,1,Lawrenceville,Allegheny County,420030008,840420030008
40.4656,-79.9611,2026-01-31T01:00,OZONE,PPB,15.0,2.0,14,1,Lawrenceville,Allegheny County,420030008,840420030008
40.294381,-79.885303,2026-01-31T01:00,PM2.5,UG/M3,5.0,6.1,28,1,Clairton,Allegheny County,840420033007,840420033007
40.323898,-79.868301,2026-01-31T01:00,PM2.5,UG/M3,4.2,4.5,23,1,Liberty (SAHS),Allegheny County,420030064,840420030064
40.437431,-79.863572,2026-01-31T01:00,PM2.5,UG/M3,9.3,7.6,51,2,Parkway East (Near Road),Allegheny County,420031376,840420031376
40.402267,-79.860942,2026-01-31T01:00,PM2.5,UG/M3,4.0,4.1,22,1,North Braddock,Allegheny County,840420031301,840420031301
40.613864,-79.729569,2026-01-31T01:00,PM2.5,UG/M3,6.6,8.7,37,1,Harrison Township,Allegheny County,420031008,840420031008
40.613864,-79.729569,2026-01-31T01:00,OZONE,PPB,26.0,18.0,24,1,Harrison Township,Allegheny County,420031008,840420031008
40.366452,-80.615691,2026-01-31T02:00,PM2.5,UG/M3,9.1,11.3,51,2,Steubenville,Ohio EPA-DAPC,390810017,840390810017
40.39458,-80.61202,2026-01-31T02:00,PM2.5,UG/M3,6.3,8.1,35,1,"MARLAND HTS, WEIRTON",West Virginia Division of Air Quality,840540090011,840540090011
40.42735,-80.59253,2026-01-31T02:00,PM2.5,UG/M3,5.4,5.9,30,1,WEIRTON,West Virginia Division of Air Quality,540290009,840540290009
40.4447,-80.42,2026-01-31T02:00,OZONE,PPB,32.0,31.0,30,1,Florence,Pennsylvania Dept. of Environmental Protection,421255001,840421255001
40.4447,-80.42,2026-01-31T02:00,PM2.5,UG/M3,4.6,5.1,26,1,Florence,Pennsylvania Dept. of Environmental Protection,421255001,840421255001
40.269,-80.244,2026-01-31T02:00,OZONE,PPB,32.0,31.0,30,1,Houston,Pennsylvania Dept. of Environmental Protection,421255200,840421255200
40.269,-80.244,2026-01-31T02:00,PM2.5,UG/M3,4.2,4.7,23,1,Houston,Pennsylvania Dept. of Environmental Protection,421255200,840421255200
40.381901,-80.1856,2026-01-31T02:00,PM2.5,UG/M3,5.9,5.8,33,1,South Fayette,Allegheny County,420030067,840420030067
40.381901,-80.1856,2026-01-31T02:00,OZONE,PPB,35.0,37.0,32,1,South Fayette,Allegheny County,420030067,840420030067
40.499789,-80.071347,2026-01-31T02:00,PM2.5,UG/M3,8.5,9.8,47,1,Avalon,Allegheny County,840420030002,840420030002
40.4656,-79.9611,2026-01-31T02:00,PM2.5,UG/M3,10.1,12.9,53,2,Lawrenceville,Allegheny County,420030008,840420030008
40.4656,-79.9611,2026-01-31T02:00,OZONE,PPB,15.0,1.0,14,1,Lawrenceville,Allegheny County,420030008,840420030008
40.294381,-79.885303,2026-01-31T02:00,PM2.5,UG/M3,6.3,7.7,35,1,Clairton,Allegheny County,840420033007,840420033007
40.323898,-79.868301,2026-01-31T02:00,PM2.5,UG/M3,4.3,4.5,24,1,Liberty (SAHS),Allegheny County,420030064,840420030064
40.437431,-79.863572,2026-01-31T02:00,PM2.5,UG/M3,8.5,7.7,47,1,Parkway East (Near Road),Allegheny County,420031376,840420031376
40.402267,-79.860942,2026-01-31T02:00,PM2.5,UG/M3,4.0,4.0,22,1,North Braddock,Allegheny County,840420031301,840420031301
40.613864,-79.729569,2026-01-31T02:00,PM2.5,UG/M3,8.0,9.4,44,1,Harrison Township,Allegheny County,420031008,840420031008
40.613864,-79.729569,2026-01-31T02:00,OZONE,PPB,24.0,16.0,22,1,Harrison Township,Allegheny County,420031008,840420031008
40.366452,-80.615691,2026-01-31T03:00,PM2.5,UG/M3,10.3,11.5,53,2,Steubenville,Ohio EPA-DAPC,390810017,840390810017
40.39458,-80.61202,2026-01-31T03:00,PM2.5,UG/M3,6.9,7.5,38,1,"MARLAND HTS, WEIRTON",West Virginia Division of Air Quality,840540090011,840540090011
40.42735,-80.59253,2026-01-31T03:00,PM2.5,UG/M3,5.8,6.2,32,1,WEIRTON,West Virginia Division of Air Quality,540290009,840540290009
40.4447,-80.42,2026-01-31T03:00,PM2.5,UG/M3,5.9,7.2,33,1,Florence,Pennsylvania Dept. of Environmental Protection,421255001,840421255001
40.4447,-80.42,2026-01-31T03:00,OZONE,PPB,31.0,30.0,29,1,Florence,Pennsylvania Dept. of Environmental Protection,421255001,840421255001
40.269,-80.244,2026-01-31T03:00,OZONE,PPB,30.0,30.0,28,1,Houston,Pennsylvania Dept. of Environmental Protection,421255200,840421255200
40.269,-80.244,2026-01-31T03:00,PM2.5,UG/M3,4.5,4.8,25,1,Houston,Pennsylvania Dept. of Environmental Protection,421255200,840421255200
40.381901,-80.1856,2026-01-31T03:00,PM2.5,UG/M3,5.8,5.8,32,1,South Fayette,Allegheny County,420030067,840420030067
40.381901,-80.1856,2026-01-31T03:00,OZONE,PPB,34.0,36.0,31,1,South Fayette,Allegheny County,420030067,840420030067
40.499789,-80.071347,2026-01-31T03:00,PM2.5,UG/M3,9.4,10.3,52,2,Avalon,Allegheny County,840420030002,840420030002
40.4656,-79.9611,2026-01-31T03:00,PM2.5,UG/M3,12.5,14.9,57,2,Lawrenceville,Allegheny County,420030008,840420030008
40.4656,-79.9611,2026-01-31T03:00,OZONE,PPB,11.0,1.0,10,1,Lawrenceville,Allegheny County,420030008,840420030008
40.294381,-79.885303,2026-01-31T03:00,PM2.5,UG/M3,7.5,8.7,42,1,Clairton,Allegheny County,840420033007,840420033007
40.323898,-79.868301,2026-01-31T03:00,PM2.5,UG/M3,4.8,5.3,27,1,Liberty (SAHS),Allegheny County,420030064,840420030064
40.437431,-79.863572,2026-01-31T03:00,PM2.5,UG/M3,7.5,6.5,42,1,Parkway East (Near Road),Allegheny County,420031376,840420031376
40.402267,-79.860942,2026-01-31T03:00,PM2.5,UG/M3,4.6,5.3,26,1,North Braddock,Allegheny County,840420031301,840420031301
40.613864,-79.729569,2026-01-31T03:00,PM2.5,UG/M3,8.7,9.4,48,1,Harrison Township,Allegheny County,420031008,840420031008
40.613864,-79.729569,2026-01-31T03:00,OZONE,PPB,21.0,14.0,19,1,Harrison Township,Allegheny County,420031008,840420031008
40.366452,-80.615691,2026-01-31T04:00,PM2.5,UG/M3,10.8,11.3,54,2,Steubenville,Ohio EPA-DAPC,390810017,840390810017
40.39458,-80.61202,2026-01-31T04:00,PM2.5,UG/M3,7.1,7.3,39,1,"MARLAND HTS, WEIRTON",West Virginia Division of Air Quality,840540090011,840540090011
40.42735,-80.59253,2026-01-31T04:00,PM2.5,UG/M3,6.1,6.5,34,1,WEIRTON,West Virginia Division of Air Quality,540290009,840540290009
40.4447,-80.42,2026-01-31T04:00,PM2.5,UG/M3,7.5,9.1,42,1,Florence,Pennsylvania Dept. of Environmental Protection,421255001,840421255001
40.4447,-80.42,2026-01-31T04:00,OZONE,PPB,29.0,29.0,27,1,Florence,Pennsylvania Dept. of Environmental Protection,421255001,840421255001
40.269,-80.244,2026-01-31T04:00,OZONE,PPB,29.0,28.0,27,1,Houston,Pennsylvania Dept. of Environmental Protection,421255200,840421255200
40.269,-80.244,2026-01-31T04:00,PM2.5,UG/M3,4.8,5.1,27,1,Houston,Pennsylvania Dept. of Environmental Protection,421255200,840421255200
40.381901,-80.1856,2026-01-31T04:00,PM2.5,UG/M3,6.2,6.6,34,1,South Fayette,Allegheny County,420030067,840420030067
40.381901,-80.1856,2026-01-31T04:00,OZONE,PPB,32.0,29.0,30,1,South Fayette,Allegheny County,420030067,840420030067
40.499789,-80.071347,2026-01-31T04:00,PM2.5,UG/M3,9.6,9.9,52,2,Avalon,Allegheny County,840420030002,840420030002
40.4656,-79.9611,2026-01-31T04:00,PM2.5,UG/M3,13.6,14.7,59,2,Lawrenceville,Allegheny County,420030008,840420030008
40.4656,-79.9611,2026-01-31T04:00,OZONE,PPB,8.0,1.0,7,1,Lawrenceville,Allegheny County,420030008,840420030008
40.294381,-79.885303,2026-01-31T04:00,PM2.5,UG/M3,9.1,10.7,51,2,Clairton,Allegheny County,840420033007,840420033007
40.323898,-79.868301,2026-01-31T04:00,PM2.5,UG/M3,5.6,6.5,31,1,Liberty (SAHS),Allegheny County,420030064,840420030064
40.437431,-79.863572,2026-01-31T04:00,PM2.5,UG/M3,6.7,5.9,37,1,Parkway East (Near Road),Allegheny County,420031376,840420031376
40.402267,-79.860942,2026-01-31T04:00,PM2.5,UG/M3,5.2,5.9,29,1,North Braddock,Allegheny County,840420031301,840420031301
40.613864,-79.729569,2026-01-31T04:00,PM2.5,UG/M3,10.9,13.2,54,2,Harrison Township,Allegheny County,420031008,840420031008
40.613864,-79.729569,2026-01-31T04:00,OZONE,PPB,13.0,4.0,12,1,Harrison Township,Allegheny County,420031008,840420031008
40.366452,-80.615691,2026-01-31T05:00,PM2.5,UG/M3,11.7,12.6,56,2,Steubenville,Ohio EPA-DAPC,390810017,840390810017
40.39458,-80.61202,2026-01-31T05:00,PM2.5,UG/M3,8.2,9.3,46,1,"MARLAND HTS, WEIRTON",West Virginia Division of Air Quality,840540090011,840540090011
40.42735,-80.59253,2026-01-31T05:00,PM2.5,UG/M3,7.2,8.3,40,1,WEIRTON,West Virginia Division of Air Quality,540290009,840540290009
40.4447,-80.42,2026-01-31T05:00,PM2.5,UG/M3,8.0,8.5,44,1,Florence,Pennsylvania Dept. of Environmental Protection,421255001,840421255001
40.4447,-80.42,2026-01-31T05:00,OZONE,PPB,29.0,29.0,27,1,Florence,Pennsylvania Dept. of Environmental Protection,421255001,840421255001
40.269,-80.244,2026-01-31T05:00,PM2.5,UG/M3,5.2,5.6,29,1,Houston,Pennsylvania Dept. of Environmental Protection,421255200,840421255200
40.269,-80.244,2026-01-31T05:00,OZONE,PPB,29.0,28.0,27,1,Houston,Pennsylvania Dept. of Environmental Protection,421255200,840421255200
40.381901,-80.1856,2026-01-31T05:00,PM2.5,UG/M3,7.1,8.0,39,1,South Fayette,Allegheny County,420030067,840420030067
40.381901,-80.1856,2026-01-31T05:00,OZONE,PPB,33.0,32.0,31,1,South Fayette,Allegheny County,420030067,840420030067
40.499789,-80.071347,2026-01-31T05:00,PM2.5,UG/M3,10.3,11.1,53,2,Avalon,Allegheny County,840420030002,840420030002
40.4656,-79.9611,2026-01-31T05:00,PM2.5,UG/M3,13.3,13.1,59,2,Lawrenceville,Allegheny County,420030008,840420030008
40.4656,-79.9611,2026-01-31T05:00,OZONE,PPB,4.0,0.0,4,1,Lawrenceville,Allegheny County,420030008,840420030008
40.294381,-79.885303,2026-01-31T05:00,PM2.5,UG/M3,10.7,12.4,54,2,Clairton,Allegheny County,840420033007,840420033007
40.323898,-79.868301,2026-01-31T05:00,PM2.5,UG/M3,17.5,29.5,67,2,Liberty (SAHS),Allegheny County,420030064,840420030064
40.437431,-79.863572,2026-01-31T05:00,PM2.5,UG/M3,7.3,7.9,41,1,Parkway East (Near Road),Allegheny County,420031376,840420031376
40.402267,-79.860942,2026-01-31T05:00,PM2.5,UG/M3,6.6,8.0,37,1,North Braddock,Allegheny County,840420031301,840420031301
40.613864,-79.729569,2026-01-31T05:00,PM2.5,UG/M3,12.6,14.3,58,2,Harrison Township,Allegheny County,420031008,840420031008
40.613864,-79.729569,2026-01-31T05:00,OZONE,PPB,5.0,3.0,5,1,Harrison Township,Allegheny County,420031008,840420031008
40.366452,-80.615691,2026-01-31T06:00,PM2.5,UG/M3,11.7,11.8,56,2,Steubenville,Ohio EPA-DAPC,390810017,840390810017
40.39458,-80.61202,2026-01-31T06:00,PM2.5,UG/M3,9.0,9.8,50,1,"MARLAND HTS, WEIRTON",West Virginia Division of Air Quality,840540090011,840540090011
40.42735,-80.59253,2026-01-31T06:00,PM2.5,UG/M3,8.5,9.9,47,1,WEIRTON,West Virginia Division of Air Quality,540290009,840540290009
40.4447,-80.42,2026-01-31T06:00,PM2.5,UG/M3,8.3,8.6,46,1,Florence,Pennsylvania Dept. of Environmental Protection,421255001,840421255001
40.4447,-80.42,2026-01-31T06:00,OZONE,PPB,29.0,-999.0,27,1,Florence,Pennsylvania Dept. of Environmental Protection,421255001,840421255001
40.269,-80.244,2026-01-31T06:00,PM2.5,UG/M3,5.3,5.5,29,1,Houston,Pennsylvania Dept. of Environmental Protection,421255200,840421255200
40.269,-80.244,2026-01-31T06:00,OZONE,PPB,29.0,-999.0,27,1,Houston,Pennsylvania Dept. of Environmental Protection,421255200,840421255200
40.381901,-80.1856,2026-01-31T06:00,PM2.5,UG/M3,6.2,5.4,34,1,South Fayette,Allegheny County,420030067,840420030067
40.381901,-80.1856,2026-01-31T06:00,OZONE,PPB,33.0,-999.0,31,1,South Fayette,Allegheny County,420030067,840420030067
40.499789,-80.071347,2026-01-31T06:00,PM2.5,UG/M3,9.9,9.6,52,2,Avalon,Allegheny County,840420030002,840420030002
40.4656,-79.9611,2026-01-31T06:00,PM2.5,UG/M3,13.0,12.8,58,2,Lawrenceville,Allegheny County,420030008,840420030008
40.4656,-79.9611,2026-01-31T06:00,OZONE,PPB,3.0,0.0,3,1,Lawrenceville,Allegheny County,420030008,840420030008
40.294381,-79.885303,2026-01-31T06:00,PM2.5,UG/M3,13.1,15.6,58,2,Clairton,Allegheny County,840420033007,840420033007
40.323898,-79.868301,2026-01-31T06:00,PM2.5,UG/M3,17.5,-999.0,67,2,Liberty (SAHS),Allegheny County,420030064,840420030064
40.437431,-79.863572,2026-01-31T06:00,PM2.5,UG/M3,7.7,8.1,43,1,Parkway East (Near Road),Allegheny County,420031376,840420031376
40.402267,-79.860942,2026-01-31T06:00,PM2.5,UG/M3,8.2,9.9,46,1,North Braddock,Allegheny County,840420031301,840420031301
40.613864,-79.729569,2026-01-31T06:00,PM2.5,UG/M3,12.7,12.9,58,2,Harrison Township,Allegheny County,420031008,840420031008
40.613864,-79.729569,2026-01-31T06:00,OZONE,PPB,7.0,7.0,6,1,Harrison Township,Allegheny County,420031008,840420031008
40.366452,-80.615691,2026-01-31T07:00,PM2.5,UG/M3,13.2,14.7,59,2,Steubenville,Ohio EPA-DAPC,390810017,840390810017
40.39458,-80.61202,2026-01-31T07:00,PM2.5,UG/M3,9.5,10.1,52,2,"MARLAND HTS, WEIRTON",West Virginia Division of Air Quality,840540090011,840540090011
40.42735,-80.59253,2026-01-31T07:00,PM2.5,UG/M3,9.3,10.2,51,2,WEIRTON,West Virginia Division of Air Quality,540290009,840540290009
40.4447,-80.42,2026-01-31T07:00,PM2.5,UG/M3,8.4,8.6,47,1,Florence,Pennsylvania Dept. of Environmental Protection,421255001,840421255001
40.4447,-80.42,2026-01-31T07:00,OZONE,PPB,28.0,29.0,26,1,Florence,Pennsylvania Dept. of Environmental Protection,421255001,840421255001
40.269,-80.244,2026-01-31T07:00,PM2.5,UG/M3,5.4,5.5,30,1,Houston,Pennsylvania Dept. of Environmental Protection,421255200,840421255200
40.269,-80.244,2026-01-31T07:00,OZONE,PPB,27.0,27.0,25,1,Houston,Pennsylvania Dept. of Environmental Protection,421255200,840421255200
40.381901,-80.1856,2026-01-31T07:00,OZONE,PPB,34.0,38.0,31,1,South Fayette,Allegheny County,420030067,840420030067
40.381901,-80.1856,2026-01-31T07:00,PM2.5,UG/M3,5.4,4.6,30,1,South Fayette,Allegheny County,420030067,840420030067
40.499789,-80.071347,2026-01-31T07:00,PM2.5,UG/M3,10.1,10.3,53,2,Avalon,Allegheny County,840420030002,840420030002
40.4656,-79.9611,2026-01-31T07:00,PM2.5,UG/M3,13.2,13.4,59,2,Lawrenceville,Allegheny County,420030008,840420030008
40.4656,-79.9611,2026-01-31T07:00,OZONE,PPB,4.0,0.0,4,1,Lawrenceville,Allegheny County,420030008,840420030008
40.294381,-79.885303,2026-01-31T07:00,PM2.5,UG/M3,14.3,15.5,61,2,Clairton,Allegheny County,840420033007,840420033007
40.437431,-79.863572,2026-01-31T07:00,PM2.5,UG/M3,8.4,9.1,47,1,Parkway East (Near Road),Allegheny County,420031376,840420031376
40.402267,-79.860942,2026-01-31T07:00,PM2.5,UG/M3,11.0,13.9,55,2,North Braddock,Allegheny County,840420031301,840420031301
40.613864,-79.729569,2026-01-31T07:00,PM2.5,UG/M3,12.3,12.0,57,2,Harrison Township,Allegheny County,420031008,840420031008
40.613864,-79.729569,2026-01-31T07:00,OZONE,PPB,9.0,8.0,8,1,Harrison Township,Allegheny County,420031008,840420031008
40.366452,-80.615691,2026-01-31T08:00,PM2.5,UG/M3,14.7,16.2,61,2,Steubenville,Ohio EPA-DAPC,390810017,840390810017
40.39458,-80.61202,2026-01-31T08:00,PM2.5,UG/M3,10.3,11.1,53,2,"MARLAND HTS, WEIRTON",West Virginia Division of Air Quality,840540090011,840540090011
40.42735,-80.59253,2026-01-31T08:00,PM2.5,UG/M3,10.3,11.4,53,2,WEIRTON,West Virginia Division of Air Quality,540290009,840540290009
40.4447,-80.42,2026-01-31T08:00,PM2.5,UG/M3,8.3,8.3,46,1,Florence,Pennsylvania Dept. of Environmental Protection,421255001,840421255001
40.4447,-80.42,2026-01-31T08:00,OZONE,PPB,27.0,28.0,25,1,Florence,Pennsylvania Dept. of Environmental Protection,421255001,840421255001
40.269,-80.244,2026-01-31T08:00,PM2.5,UG/M3,5.3,5.2,29,1,Houston,Pennsylvania Dept. of Environmental Protection,421255200,840421255200
40.269,-80.244,2026-01-31T08:00,OZONE,PPB,27.0,27.0,25,1,Houston,Pennsylvania Dept. of Environmental Protection,421255200,840421255200
40.381901,-80.1856,2026-01-31T08:00,OZONE,PPB,35.0,38.0,32,1,South Fayette,Allegheny County,420030067,840420030067
40.381901,-80.1856,2026-01-31T08:00,PM2.5,UG/M3,4.9,4.4,27,1,South Fayette,Allegheny County,420030067,840420030067
40.499789,-80.071347,2026-01-31T08:00,PM2.5,UG/M3,11.3,12.5,55,2,Avalon,Allegheny County,840420030002,840420030002
40.4656,-79.9611,2026-01-31T08:00,PM2.5,UG/M3,13.1,13.1,58,2,Lawrenceville,Allegheny County,420030008,840420030008
40.4656,-79.9611,2026-01-31T08:00,OZONE,PPB,2.0,0.0,2,1,Lawrenceville,Allegheny County,420030008,840420030008
40.294381,-79.885303,2026-01-31T08:00,PM2.5,UG/M3,14.8,15.4,62,2,Clairton,Allegheny County,840420033007,840420033007
40.323898,-79.868301,2026-01-31T08:00,PM2.5,UG/M3,-999.0,166.9,-999,-999,Liberty (SAHS),Allegheny County,420030064,840420030064
40.437431,-79.863572,2026-01-31T08:00,PM2.5,UG/M3,10.0,11.6,53,2,Parkway East (Near Road),Allegheny County,420031376,840420031376
40.402267,-79.860942,2026-01-31T08:00,PM2.5,UG/M3,15.0,19.1,62,2,North Braddock,Allegheny County,840420031301,840420031301
40.613864,-79.729569,2026-01-31T08:00,PM2.5,UG/M3,11.7,11.2,56,2,Harrison Township,Allegheny County,420031008,840420031008
40.613864,-79.729569,2026-01-31T08:00,OZONE,PPB,4.0,4.0,4,1,Harrison Township,Allegheny County,420031008,840420031008
40.366452,-80.615691,2026-01-31T09:00,PM2.5,UG/M3,15.5,16.3,63,2,Steubenville,Ohio EPA-DAPC,390810017,840390810017
40.39458,-80.61202,2026-01-31T09:00,PM2.5,UG/M3,11.1,12.0,55,2,"MARLAND HTS, WEIRTON",West Virginia Division of Air Quality,840540090011,840540090011
40.42735,-80.59253,2026-01-31T09:00,PM2.5,UG/M3,10.6,11.0,54,2,WEIRTON,West Virginia Division of Air Quality,540290009,840540290009
40.4447,-80.42,2026-01-31T09:00,PM2.5,UG/M3,7.9,7.5,44,1,Florence,Pennsylvania Dept. of Environmental Protection,421255001,840421255001
40.4447,-80.42,2026-01-31T09:00,OZONE,PPB,28.0,28.0,26,1,Florence,Pennsylvania Dept. of Environmental Protection,421255001,840421255001
40.269,-80.244,2026-01-31T09:00,PM2.5,UG/M3,5.2,5.2,29,1,Houston,Pennsylvania Dept. of Environmental Protection,421255200,840421255200
40.269,-80.244,2026-01-31T09:00,OZONE,PPB,27.0,27.0,25,1,Houston,Pennsylvania Dept. of Environmental Protection,421255200,840421255200
40.381901,-80.1856,2026-01-31T09:00,OZONE,PPB,36.0,37.0,33,1,South Fayette,Allegheny County,420030067,840420030067
40.381901,-80.1856,2026-01-31T09:00,PM2.5,UG/M3,5.1,5.3,28,1,South Fayette,Allegheny County,420030067,840420030067
40.499789,-80.071347,2026-01-31T09:00,PM2.5,UG/M3,10.8,10.4,54,2,Avalon,Allegheny County,840420030002,840420030002
40.4656,-79.9611,2026-01-31T09:00,PM2.5,UG/M3,12.9,12.7,58,2,Lawrenceville,Allegheny County,420030008,840420030008
40.4656,-79.9611,2026-01-31T09:00,OZONE,PPB,0.0,0.0,0,1,Lawrenceville,Allegheny County,420030008,840420030008
40.294381,-79.885303,2026-01-31T09:00,PM2.5,UG/M3,15.9,17.1,64,2,Clairton,Allegheny County,840420033007,840420033007
40.323898,-79.868301,2026-01-31T09:00,PM2.5,UG/M3,147.3,153.7,223,5,Liberty (SAHS),Allegheny County,420030064,840420030064
40.437431,-79.863572,2026-01-31T09:00,PM2.5,UG/M3,11.0,12.1,55,2,Parkway East (Near Road),Allegheny County,420031376,840420031376
40.402267,-79.860942,2026-01-31T09:00,PM2.5,UG/M3,16.9,18.9,66,2,North Braddock,Allegheny County,840420031301,840420031301
40.613864,-79.729569,2026-01-31T09:00,PM2.5,UG/M3,11.8,12.0,56,2,Harrison Township,Allegheny County,420031008,840420031008
40.613864,-79.729569,2026-01-31T09:00,OZONE,PPB,8.0,4.0,7,1,Harrison Township,Allegheny County,420031008,840420031008
40.366452,-80.615691,2026-01-31T10:00,PM2.5,UG/M3,16.8,18.1,65,2,Steubenville,Ohio EPA-DAPC,390810017,840390810017
40.39458,-80.61202,2026-01-31T10:00,PM2.5,UG/M3,11.7,12.3,56,2,"MARLAND HTS, WEIRTON",West Virginia Division of Air Quality,840540090011,840540090011
40.42735,-80.59253,2026-01-31T10:00,PM2.5,UG/M3,10.2,9.9,53,2,WEIRTON,West Virginia Division of Air Quality,540290009,840540290009
40.4447,-80.42,2026-01-31T10:00,PM2.5,UG/M3,8.7,9.6,48,1,Florence,Pennsylvania Dept. of Environmental Protection,421255001,840421255001
40.4447,-80.42,2026-01-31T10:00,OZONE,PPB,28.0,27.0,26,1,Florence,Pennsylvania Dept. of Environmental Protection,421255001,840421255001
40.269,-80.244,2026-01-31T10:00,PM2.5,UG/M3,5.3,5.4,29,1,Houston,Pennsylvania Dept. of Environmental Protection,421255200,840421255200
40.269,-80.244,2026-01-31T10:00,OZONE,PPB,27.0,26.0,25,1,Houston,Pennsylvania Dept. of Environmental Protection,421255200,840421255200
40.381901,-80.1856,2026-01-31T10:00,OZONE,PPB,36.0,36.0,33,1,South Fayette,Allegheny County,420030067,840420030067
40.381901,-80.1856,2026-01-31T10:00,PM2.5,UG/M3,5.0,4.9,28,1,South Fayette,Allegheny County,420030067,840420030067
40.499789,-80.071347,2026-01-31T10:00,PM2.5,UG/M3,10.8,10.8,54,2,Avalon,Allegheny County,840420030002,840420030002
40.4656,-79.9611,2026-01-31T10:00,PM2.5,UG/M3,13.1,13.3,58,2,Lawrenceville,Allegheny County,420030008,840420030008
40.4656,-79.9611,2026-01-31T10:00,OZONE,PPB,0.0,0.0,0,1,Lawrenceville,Allegheny County,420030008,840420030008
40.294381,-79.885303,2026-01-31T10:00,PM2.5,UG/M3,16.3,16.8,64,2,Clairton,Allegheny County,840420033007,840420033007
40.323898,-79.868301,2026-01-31T10:00,PM2.5,UG/M3,127.6,111.7,203,5,Liberty (SAHS),Allegheny County,420030064,840420030064
40.437431,-79.863572,2026-01-31T10:00,PM2.5,UG/M3,13.0,15.1,58,2,Parkway East (Near Road),Allegheny County,420031376,840420031376
40.402267,-79.860942,2026-01-31T10:00,PM2.5,UG/M3,23.6,30.3,78,2,North Braddock,Allegheny County,840420031301,840420031301
40.613864,-79.729569,2026-01-31T10:00,PM2.5,UG/M3,12.3,12.7,57,2,Harrison Township,Allegheny County,420031008,840420031008
40.613864,-79.729569,2026-01-31T10:00,OZONE,PPB,13.0,7.0,12,1,Harrison Township,Allegheny County,420031008,840420031008
40.366452,-80.615691,2026-01-31T11:00,PM2.5,UG/M3,18.7,20.7,69,2,Steubenville,Ohio EPA-DAPC,390810017,840390810017
40.39458,-80.61202,2026-01-31T11:00,PM2.5,UG/M3,12.9,14.1,58,2,"MARLAND HTS, WEIRTON",West Virginia Division of Air Quality,840540090011,840540090011
40.42735,-80.59253,2026-01-31T11:00,PM2.5,UG/M3,10.5,10.7,54,2,WEIRTON,West Virginia Division of Air Quality,540290009,840540290009
40.4447,-80.42,2026-01-31T11:00,PM2.5,UG/M3,9.0,9.3,50,1,Florence,Pennsylvania Dept. of Environmental Protection,421255001,840421255001
40.4447,-80.42,2026-01-31T11:00,OZONE,PPB,26.0,25.0,24,1,Florence,Pennsylvania Dept. of Environmental Protection,421255001,840421255001
40.269,-80.244,2026-01-31T11:00,PM2.5,UG/M3,5.4,5.7,30,1,Houston,Pennsylvania Dept. of Environmental Protection,421255200,840421255200
40.269,-80.244,2026-01-31T11:00,OZONE,PPB,27.0,25.0,25,1,Houston,Pennsylvania Dept. of Environmental Protection,421255200,840421255200
40.381901,-80.1856,2026-01-31T11:00,OZONE,PPB,36.0,34.0,33,1,South Fayette,Allegheny County,420030067,840420030067
40.381901,-80.1856,2026-01-31T11:00,PM2.5,UG/M3,5.0,5.0,28,1,South Fayette,Allegheny County,420030067,840420030067
40.499789,-80.071347,2026-01-31T11:00,PM2.5,UG/M3,11.6,12.5,56,2,Avalon,Allegheny County,840420030002,840420030002
40.4656,-79.9611,2026-01-31T11:00,PM2.5,UG/M3,13.1,13.2,58,2,Lawrenceville,Allegheny County,420030008,840420030008
40.4656,-79.9611,2026-01-31T11:00,OZONE,PPB,0.0,0.0,0,1,Lawrenceville,Allegheny County,420030008,840420030008
40.294381,-79.885303,2026-01-31T11:00,PM2.5,UG/M3,16.8,17.4,65,2,Clairton,Allegheny County,840420033007,840420033007
40.323898,-79.868301,2026-01-31T11:00,PM2.5,UG/M3,109.0,92.1,189,4,Liberty (SAHS),Allegheny County,420030064,840420030064
40.437431,-79.863572,2026-01-31T11:00,PM2.5,UG/M3,19.6,26.2,71,2,Parkway East (Near Road),Allegheny County,420031376,840420031376
40.402267,-79.860942,2026-01-31T11:00,PM2.5,UG/M3,28.5,33.5,87,2,North Braddock,Allegheny County,840420031301,840420031301
40.613864,-79.729569,2026-01-31T11:00,PM2.5,UG/M3,13.4,14.5,59,2,Harrison Township,Allegheny County,420031008,840420031008
40.613864,-79.729569,2026-01-31T11:00,OZONE,PPB,11.0,7.0,10,1,Harrison Township,Allegheny County,420031008,840420031008
40.366452,-80.615691,2026-01-31T12:00,PM2.5,UG/M3,18.7,-999.0,69,2,Steubenville,Ohio EPA-DAPC,390810017,840390810017
40.39458,-80.61202,2026-01-31T12:00,PM2.5,UG/M3,12.9,-999.0,58,2,"MARLAND HTS, WEIRTON",West Virginia Division of Air Quality,840540090011,840540090011
40.42735,-80.59253,2026-01-31T12:00,PM2.5,UG/M3,10.4,-999.0,53,2,WEIRTON,West Virginia Division of Air Quality,540290009,840540290009
40.4447,-80.42,2026-01-31T12:00,PM2.5,UG/M3,9.7,10.4,52,2,Florence,Pennsylvania Dept. of Environmental Protection,421255001,840421255001
40.4447,-80.42,2026-01-31T12:00,OZONE,PPB,26.0,24.0,24,1,Florence,Pennsylvania Dept. of Environmental Protection,421255001,840421255001
40.269,-80.244,2026-01-31T12:00,PM2.5,UG/M3,5.6,6.2,31,1,Houston,Pennsylvania Dept. of Environmental Protection,421255200,840421255200
40.269,-80.244,2026-01-31T12:00,OZONE,PPB,26.0,24.0,24,1,Houston,Pennsylvania Dept. of Environmental Protection,421255200,840421255200
40.381901,-80.1856,2026-01-31T12:00,OZONE,PPB,36.0,-999.0,33,1,South Fayette,Allegheny County,420030067,840420030067
40.381901,-80.1856,2026-01-31T12:00,PM2.5,UG/M3,5.0,-999.0,28,1,South Fayette,Allegheny County,420030067,840420030067
40.499789,-80.071347,2026-01-31T12:00,PM2.5,UG/M3,11.1,-999.0,55,2,Avalon,Allegheny County,840420030002,840420030002
40.4656,-79.9611,2026-01-31T12:00,PM2.5,UG/M3,13.1,-999.0,58,2,Lawrenceville,Allegheny County,420030008,840420030008
40.4656,-79.9611,2026-01-31T12:00,OZONE,PPB,0.0,-999.0,0,1,Lawrenceville,Allegheny County,420030008,840420030008
40.294381,-79.885303,2026-01-31T12:00,PM2.5,UG/M3,16.9,-999.0,66,2,Clairton,Allegheny County,840420033007,840420033007
40.323898,-79.868301,2026-01-31T12:00,PM2.5,UG/M3,109.0,-999.0,189,4,Liberty (SAHS),Allegheny County,420030064,840420030064
40.437431,-79.863572,2026-01-31T12:00,PM2.5,UG/M3,19.6,-999.0,71,2,Parkway East (Near Road),Allegheny County,420031376,840420031376
40.402267,-79.860942,2026-01-31T12:00,PM2.5,UG/M3,28.5,-999.0,87,2,North Braddock,Allegheny County,840420031301,840420031301
40.613864,-79.729569,2026-01-31T12:00,PM2.5,UG/M3,13.1,-999.0,58,2,Harrison Township,Allegheny County,420031008,840420031008
40.613864,-79.729569,2026-01-31T12:00,OZONE,PPB,11.0,-999.0,10,1,Harrison Township,Allegheny County,420031008,840420031008
40.4447,-80.42,2026-01-31T13:00,PM2.5,UG/M3,9.7,-999.0,52,2,Florence,Pennsylvania Dept. of Environmental Protection,421255001,840421255001
40.269,-80.244,2026-01-31T13:00,PM2.5,UG/M3,5.6,-999.0,31,1,Houston,Pennsylvania Dept. of Environmental Protection,421255200,840421255200
